{"cameraMode":{"drawMode":0,"name":"Shaded","section":"Shading Mode"},"sceneLighting":true,"audioPlay":false,"sceneViewState":{"m_AlwaysRefresh":false,"showFog":true,"showSkybox":true,"showFlares":true,"showImageEffects":true,"showParticleSystems":true,"showVisualEffectGraphs":true,"m_FxEnabled":true},"in2DMode":false,"pivot":{"x":43.974700927734378,"y":5.617171287536621,"z":4.207057952880859},"rotation":{"x":-0.047830451279878619,"y":-0.6020286083221436,"z":-0.03616530820727348,"w":0.7962209582328796},"size":1.8385182619094849,"orthographic":false}